﻿DRL_Model,Baseline_Model,DRL_Sharpe,Baseline_Sharpe,Difference,P_Value,CI_Lower,CI_Upper,Bootstrap_Samples,Method,Significance
seed1,MV_MinRisk,1.073524248,-0.969455303,2.042979551,0.0064,0.37243681,3.885630058,10000,Moving Block Bootstrap (block size=22),***
seed1,MV_Sharpe,1.073524248,-2.051479108,3.125003356,0.0019,1.154785781,5.388044436,10000,Moving Block Bootstrap (block size=22),***
seed1,CVaR_MinRisk,1.073524248,-1.368171505,2.441695753,0.0027,0.699929376,4.114172101,10000,Moving Block Bootstrap (block size=22),***
seed1,CVaR_Sharpe,1.073524248,-1.919332037,2.992856285,0.0009,1.225511906,5.343341544,10000,Moving Block Bootstrap (block size=22),***
seed1,EVaR_MinRisk,1.073524248,-1.112785439,2.186309687,0.0065,0.415493827,3.937058714,10000,Moving Block Bootstrap (block size=22),***
seed1,EVaR_Sharpe,1.073524248,-2.186024231,3.259548479,0.0002,1.525386269,5.675353714,10000,Moving Block Bootstrap (block size=22),***
seed1,RP_MinRisk,1.073524248,-1.22224596,2.295770208,0.0037,0.56304593,4.156523728,10000,Moving Block Bootstrap (block size=22),***
seed1,RP_Sharpe,1.073524248,-1.22224596,2.295770208,0.0043,0.54712475,4.179117473,10000,Moving Block Bootstrap (block size=22),***
seed1,HRP,1.073524248,-1.244462787,2.317987036,0.0041,0.517146802,4.08998385,10000,Moving Block Bootstrap (block size=22),***
seed1,HERC,1.073524248,-1.095059417,2.168583665,0.0056,0.481528872,4.157390823,10000,Moving Block Bootstrap (block size=22),***
seed1,NCO_MinRisk,1.073524248,-0.971959996,2.045484244,0.0083,0.327546674,3.938533075,10000,Moving Block Bootstrap (block size=22),***
seed2,MV_MinRisk,0.711715544,-0.969455303,1.681170847,0.0327,-0.091221631,3.582493253,10000,Moving Block Bootstrap (block size=22),**
seed2,MV_Sharpe,0.711715544,-2.051479108,2.763194652,0.0087,0.50426309,5.178942351,10000,Moving Block Bootstrap (block size=22),***
seed2,CVaR_MinRisk,0.711715544,-1.368171505,2.079887049,0.0094,0.298597459,3.747141632,10000,Moving Block Bootstrap (block size=22),***
seed2,CVaR_Sharpe,0.711715544,-1.919332037,2.631047581,0.0066,0.611828469,5.091092736,10000,Moving Block Bootstrap (block size=22),***
seed2,EVaR_MinRisk,0.711715544,-1.112785439,1.824500983,0.0306,-0.062333894,3.556040619,10000,Moving Block Bootstrap (block size=22),**
seed2,EVaR_Sharpe,0.711715544,-2.186024231,2.897739775,0.0032,0.986595144,5.394561142,10000,Moving Block Bootstrap (block size=22),***
seed2,RP_MinRisk,0.711715544,-1.22224596,1.933961504,0.0229,0.023473674,3.87099091,10000,Moving Block Bootstrap (block size=22),**
seed2,RP_Sharpe,0.711715544,-1.22224596,1.933961504,0.0232,0.03031865,3.944943999,10000,Moving Block Bootstrap (block size=22),**
seed2,HRP,0.711715544,-1.244462787,1.956178332,0.0242,0.017838601,3.837898864,10000,Moving Block Bootstrap (block size=22),**
seed2,HERC,0.711715544,-1.095059417,1.806774961,0.034,-0.105762533,3.880955271,10000,Moving Block Bootstrap (block size=22),**
seed2,NCO_MinRisk,0.711715544,-0.971959996,1.68367554,0.0411,-0.170763051,3.615158955,10000,Moving Block Bootstrap (block size=22),**
seed3,MV_MinRisk,0.85126283,-0.969455303,1.820718133,0.0181,0.098527613,3.575119737,10000,Moving Block Bootstrap (block size=22),**
seed3,MV_Sharpe,0.85126283,-2.051479108,2.902741938,0.0022,0.911836179,5.058939204,10000,Moving Block Bootstrap (block size=22),***
seed3,CVaR_MinRisk,0.85126283,-1.368171505,2.219434335,0.0044,0.418745336,3.777257439,10000,Moving Block Bootstrap (block size=22),***
seed3,CVaR_Sharpe,0.85126283,-1.919332037,2.770594867,0.0018,0.97566704,5.025093615,10000,Moving Block Bootstrap (block size=22),***
seed3,EVaR_MinRisk,0.85126283,-1.112785439,1.964048269,0.0203,0.083725309,3.637962924,10000,Moving Block Bootstrap (block size=22),**
seed3,EVaR_Sharpe,0.85126283,-2.186024231,3.037287061,0.0008,1.311968979,5.368835214,10000,Moving Block Bootstrap (block size=22),***
seed3,RP_MinRisk,0.85126283,-1.22224596,2.07350879,0.0088,0.314462087,3.732000776,10000,Moving Block Bootstrap (block size=22),***
seed3,RP_Sharpe,0.85126283,-1.22224596,2.07350879,0.0084,0.33725838,3.728879832,10000,Moving Block Bootstrap (block size=22),***
seed3,HRP,0.85126283,-1.244462787,2.095725617,0.0116,0.282355058,3.745179325,10000,Moving Block Bootstrap (block size=22),**
seed3,HERC,0.85126283,-1.095059417,1.946322247,0.0091,0.301800791,3.73551545,10000,Moving Block Bootstrap (block size=22),***
seed3,NCO_MinRisk,0.85126283,-0.971959996,1.823222826,0.0208,0.069240122,3.580812701,10000,Moving Block Bootstrap (block size=22),**
seed4,MV_MinRisk,-0.102490482,-0.969455303,0.866964821,0.1874,-1.032181891,3.076930701,10000,Moving Block Bootstrap (block size=22),Not Significant
seed4,MV_Sharpe,-0.102490482,-2.051479108,1.948988626,0.0501,-0.454629489,4.721409577,10000,Moving Block Bootstrap (block size=22),*
seed4,CVaR_MinRisk,-0.102490482,-1.368171505,1.265681023,0.1096,-0.701720519,3.258749265,10000,Moving Block Bootstrap (block size=22),Not Significant
seed4,CVaR_Sharpe,-0.102490482,-1.919332037,1.816841555,0.0463,-0.326702376,4.623228718,10000,Moving Block Bootstrap (block size=22),**
seed4,EVaR_MinRisk,-0.102490482,-1.112785439,1.010294957,0.1732,-0.975104591,3.055036616,10000,Moving Block Bootstrap (block size=22),Not Significant
seed4,EVaR_Sharpe,-0.102490482,-2.186024231,2.083533749,0.0221,0.069387354,4.882559928,10000,Moving Block Bootstrap (block size=22),**
seed4,RP_MinRisk,-0.102490482,-1.22224596,1.119755478,0.1518,-1.004671792,3.428689268,10000,Moving Block Bootstrap (block size=22),Not Significant
seed4,RP_Sharpe,-0.102490482,-1.22224596,1.119755478,0.1545,-1.00219386,3.469169396,10000,Moving Block Bootstrap (block size=22),Not Significant
seed4,HRP,-0.102490482,-1.244462787,1.141972306,0.1641,-1.00031467,3.362384436,10000,Moving Block Bootstrap (block size=22),Not Significant
seed4,HERC,-0.102490482,-1.095059417,0.992568935,0.1661,-1.177712783,3.442672049,10000,Moving Block Bootstrap (block size=22),Not Significant
seed4,NCO_MinRisk,-0.102490482,-0.971959996,0.869469514,0.2096,-1.171800033,3.067243384,10000,Moving Block Bootstrap (block size=22),Not Significant
seed5,MV_MinRisk,1.00210105,-0.969455303,1.971556353,0.0107,0.25850446,3.827160103,10000,Moving Block Bootstrap (block size=22),**
seed5,MV_Sharpe,1.00210105,-2.051479108,3.053580158,0.0009,1.067637461,5.393828994,10000,Moving Block Bootstrap (block size=22),***
seed5,CVaR_MinRisk,1.00210105,-1.368171505,2.370272554,0.0027,0.613256459,3.975724575,10000,Moving Block Bootstrap (block size=22),***
seed5,CVaR_Sharpe,1.00210105,-1.919332037,2.921433087,0.0011,1.115192498,5.242920893,10000,Moving Block Bootstrap (block size=22),***
seed5,EVaR_MinRisk,1.00210105,-1.112785439,2.114886489,0.0101,0.283443122,3.824557139,10000,Moving Block Bootstrap (block size=22),**
seed5,EVaR_Sharpe,1.00210105,-2.186024231,3.188125281,0.0004,1.346059707,5.632495092,10000,Moving Block Bootstrap (block size=22),***
seed5,RP_MinRisk,1.00210105,-1.22224596,2.22434701,0.0036,0.516137056,4.033770877,10000,Moving Block Bootstrap (block size=22),***
seed5,RP_Sharpe,1.00210105,-1.22224596,2.22434701,0.0048,0.501292013,4.076287908,10000,Moving Block Bootstrap (block size=22),***
seed5,HRP,1.00210105,-1.244462787,2.246563837,0.005,0.468264947,3.967113349,10000,Moving Block Bootstrap (block size=22),***
seed5,HERC,1.00210105,-1.095059417,2.097160467,0.0062,0.413782062,4.044490122,10000,Moving Block Bootstrap (block size=22),***
seed5,NCO_MinRisk,1.00210105,-0.971959996,1.974061046,0.0139,0.208535741,3.885043502,10000,Moving Block Bootstrap (block size=22),**
seed6,MV_MinRisk,1.142445766,-0.969455303,2.111901069,0.0153,0.181486425,3.914291826,10000,Moving Block Bootstrap (block size=22),**
seed6,MV_Sharpe,1.142445766,-2.051479108,3.193924874,0.0027,1.037315061,5.378781687,10000,Moving Block Bootstrap (block size=22),***
seed6,CVaR_MinRisk,1.142445766,-1.368171505,2.510617271,0.0077,0.469692796,4.170682834,10000,Moving Block Bootstrap (block size=22),***
seed6,CVaR_Sharpe,1.142445766,-1.919332037,3.061777803,0.0027,1.074857211,5.332031961,10000,Moving Block Bootstrap (block size=22),***
seed6,EVaR_MinRisk,1.142445766,-1.112785439,2.255231205,0.0155,0.194319765,3.975378978,10000,Moving Block Bootstrap (block size=22),**
seed6,EVaR_Sharpe,1.142445766,-2.186024231,3.328469997,0.0005,1.423220191,5.634259593,10000,Moving Block Bootstrap (block size=22),***
seed6,RP_MinRisk,1.142445766,-1.22224596,2.364691726,0.009,0.380930428,4.210152745,10000,Moving Block Bootstrap (block size=22),***
seed6,RP_Sharpe,1.142445766,-1.22224596,2.364691726,0.0099,0.333459033,4.172324349,10000,Moving Block Bootstrap (block size=22),***
seed6,HRP,1.142445766,-1.244462787,2.386908553,0.0094,0.329696392,4.095437671,10000,Moving Block Bootstrap (block size=22),***
seed6,HERC,1.142445766,-1.095059417,2.237505183,0.0089,0.310388294,4.15891627,10000,Moving Block Bootstrap (block size=22),***
seed6,NCO_MinRisk,1.142445766,-0.971959996,2.114405762,0.0202,0.072364903,3.947322366,10000,Moving Block Bootstrap (block size=22),**
