﻿DRL_Model,Baseline_Model,DRL_Sharpe,Baseline_Sharpe,Difference,P_Value,CI_Lower,CI_Upper,Bootstrap_Samples,Method,Significance
seed1,MV_MinRisk,0.717042444,-0.937147842,1.654190287,0.0029,0.739823865,4.485455,10000,Moving Block Bootstrap (block size=22),***
seed1,MV_Sharpe,0.717042444,-0.842638239,1.559680684,0.0009,0.809912879,3.704538024,10000,Moving Block Bootstrap (block size=22),***
seed1,CVaR_MinRisk,0.717042444,-1.079278339,1.796320783,0.0014,0.93706625,4.574313847,10000,Moving Block Bootstrap (block size=22),***
seed1,CVaR_Sharpe,0.717042444,-0.688425223,1.405467667,0.0018,0.663269205,3.535773127,10000,Moving Block Bootstrap (block size=22),***
seed1,EVaR_MinRisk,0.717042444,-1.036863375,1.753905819,0.0026,0.797451446,4.664411237,10000,Moving Block Bootstrap (block size=22),***
seed1,EVaR_Sharpe,0.717042444,-0.662320563,1.379363008,0.0024,0.59818497,3.543290847,10000,Moving Block Bootstrap (block size=22),***
seed1,RP_MinRisk,0.717042444,-0.675048493,1.392090938,0.0058,0.533207344,4.301183597,10000,Moving Block Bootstrap (block size=22),***
seed1,RP_Sharpe,0.717042444,-0.675048493,1.392090938,0.008,0.503645515,4.288490283,10000,Moving Block Bootstrap (block size=22),***
seed1,HRP,0.717042444,-0.800093877,1.517136322,0.006,0.51873464,4.441024494,10000,Moving Block Bootstrap (block size=22),***
seed1,HERC,0.717042444,-0.823824658,1.540867102,0.0067,0.549013227,4.498037431,10000,Moving Block Bootstrap (block size=22),***
seed1,NCO_MinRisk,0.717042444,-1.055070825,1.77211327,0.0022,0.79644958,4.491700963,10000,Moving Block Bootstrap (block size=22),***
seed2,MV_MinRisk,0.391224587,-0.937147842,1.32837243,0.0146,0.245344755,4.200232588,10000,Moving Block Bootstrap (block size=22),**
seed2,MV_Sharpe,0.391224587,-0.842638239,1.233862827,0.0176,0.129370653,3.420946184,10000,Moving Block Bootstrap (block size=22),**
seed2,CVaR_MinRisk,0.391224587,-1.079278339,1.470502926,0.0069,0.448300312,4.200376698,10000,Moving Block Bootstrap (block size=22),***
seed2,CVaR_Sharpe,0.391224587,-0.688425223,1.07964981,0.0278,-0.034739963,3.317127465,10000,Moving Block Bootstrap (block size=22),**
seed2,EVaR_MinRisk,0.391224587,-1.036863375,1.428087962,0.011,0.338154298,4.30164402,10000,Moving Block Bootstrap (block size=22),**
seed2,EVaR_Sharpe,0.391224587,-0.662320563,1.05354515,0.0381,-0.192499404,3.30924422,10000,Moving Block Bootstrap (block size=22),**
seed2,RP_MinRisk,0.391224587,-0.675048493,1.066273081,0.0238,0.028852599,3.93118088,10000,Moving Block Bootstrap (block size=22),**
seed2,RP_Sharpe,0.391224587,-0.675048493,1.066273081,0.0213,0.061109868,3.966387584,10000,Moving Block Bootstrap (block size=22),**
seed2,HRP,0.391224587,-0.800093877,1.191318464,0.0226,0.05829941,4.089755104,10000,Moving Block Bootstrap (block size=22),**
seed2,HERC,0.391224587,-0.823824658,1.215049245,0.0163,0.179232349,4.05881142,10000,Moving Block Bootstrap (block size=22),**
seed2,NCO_MinRisk,0.391224587,-1.055070825,1.446295412,0.0087,0.360060558,4.161733901,10000,Moving Block Bootstrap (block size=22),***
seed3,MV_MinRisk,0.30758099,-0.937147842,1.244728833,0.0187,0.149184179,4.078386472,10000,Moving Block Bootstrap (block size=22),**
seed3,MV_Sharpe,0.30758099,-0.842638239,1.15021923,0.0385,-0.203939541,3.678282749,10000,Moving Block Bootstrap (block size=22),**
seed3,CVaR_MinRisk,0.30758099,-1.079278339,1.386859329,0.0107,0.333221743,4.090618243,10000,Moving Block Bootstrap (block size=22),**
seed3,CVaR_Sharpe,0.30758099,-0.688425223,0.996006213,0.0566,-0.404364483,3.538379623,10000,Moving Block Bootstrap (block size=22),*
seed3,EVaR_MinRisk,0.30758099,-1.036863375,1.344444365,0.0126,0.271388345,4.158149068,10000,Moving Block Bootstrap (block size=22),**
seed3,EVaR_Sharpe,0.30758099,-0.662320563,0.969901553,0.0639,-0.478639405,3.514147838,10000,Moving Block Bootstrap (block size=22),*
seed3,RP_MinRisk,0.30758099,-0.675048493,0.982629484,0.0339,-0.142014854,3.916544333,10000,Moving Block Bootstrap (block size=22),**
seed3,RP_Sharpe,0.30758099,-0.675048493,0.982629484,0.0328,-0.137872422,3.948912841,10000,Moving Block Bootstrap (block size=22),**
seed3,HRP,0.30758099,-0.800093877,1.107674867,0.0304,-0.081755223,4.061568819,10000,Moving Block Bootstrap (block size=22),**
seed3,HERC,0.30758099,-0.823824658,1.131405648,0.0224,0.059531706,4.058661945,10000,Moving Block Bootstrap (block size=22),**
seed3,NCO_MinRisk,0.30758099,-1.055070825,1.362651815,0.0122,0.246528983,4.078952678,10000,Moving Block Bootstrap (block size=22),**
seed4,MV_MinRisk,0.116568928,-0.937147842,1.053716771,0.0232,0.035913151,4.06808008,10000,Moving Block Bootstrap (block size=22),**
seed4,MV_Sharpe,0.116568928,-0.842638239,0.959207168,0.0324,-0.110884798,3.538373404,10000,Moving Block Bootstrap (block size=22),**
seed4,CVaR_MinRisk,0.116568928,-1.079278339,1.195847267,0.0145,0.247047011,4.132434214,10000,Moving Block Bootstrap (block size=22),**
seed4,CVaR_Sharpe,0.116568928,-0.688425223,0.804994151,0.0487,-0.316064307,3.292963187,10000,Moving Block Bootstrap (block size=22),**
seed4,EVaR_MinRisk,0.116568928,-1.036863375,1.153432303,0.0181,0.139548078,4.179279746,10000,Moving Block Bootstrap (block size=22),**
seed4,EVaR_Sharpe,0.116568928,-0.662320563,0.778889491,0.0553,-0.402843745,3.347004807,10000,Moving Block Bootstrap (block size=22),*
seed4,RP_MinRisk,0.116568928,-0.675048493,0.791617422,0.0373,-0.190212818,3.922187356,10000,Moving Block Bootstrap (block size=22),**
seed4,RP_Sharpe,0.116568928,-0.675048493,0.791617422,0.035,-0.158083377,3.919025073,10000,Moving Block Bootstrap (block size=22),**
seed4,HRP,0.116568928,-0.800093877,0.916662805,0.0328,-0.14713403,4.043582562,10000,Moving Block Bootstrap (block size=22),**
seed4,HERC,0.116568928,-0.823824658,0.940393586,0.0298,-0.06836231,4.104323742,10000,Moving Block Bootstrap (block size=22),**
seed4,NCO_MinRisk,0.116568928,-1.055070825,1.171639753,0.0173,0.141774185,4.102015425,10000,Moving Block Bootstrap (block size=22),**
seed5,MV_MinRisk,0.467640485,-0.937147842,1.404788327,0.0063,0.445067513,4.033575019,10000,Moving Block Bootstrap (block size=22),***
seed5,MV_Sharpe,0.467640485,-0.842638239,1.310278724,0.0425,-0.267642114,4.038595483,10000,Moving Block Bootstrap (block size=22),**
seed5,CVaR_MinRisk,0.467640485,-1.079278339,1.546918824,0.0021,0.698250241,4.140239302,10000,Moving Block Bootstrap (block size=22),***
seed5,CVaR_Sharpe,0.467640485,-0.688425223,1.156065708,0.06,-0.502552269,3.931925621,10000,Moving Block Bootstrap (block size=22),*
seed5,EVaR_MinRisk,0.467640485,-1.036863375,1.50450386,0.0057,0.547542078,4.126809344,10000,Moving Block Bootstrap (block size=22),***
seed5,EVaR_Sharpe,0.467640485,-0.662320563,1.129961048,0.0648,-0.559986574,3.868887585,10000,Moving Block Bootstrap (block size=22),*
seed5,RP_MinRisk,0.467640485,-0.675048493,1.142688978,0.0185,0.14113536,3.983793429,10000,Moving Block Bootstrap (block size=22),**
seed5,RP_Sharpe,0.467640485,-0.675048493,1.142688978,0.0159,0.214203721,3.879369871,10000,Moving Block Bootstrap (block size=22),**
seed5,HRP,0.467640485,-0.800093877,1.267734362,0.0154,0.188259294,4.091321909,10000,Moving Block Bootstrap (block size=22),**
seed5,HERC,0.467640485,-0.823824658,1.291465143,0.011,0.325673896,4.122652046,10000,Moving Block Bootstrap (block size=22),**
seed5,NCO_MinRisk,0.467640485,-1.055070825,1.52271131,0.0062,0.558188879,4.096499375,10000,Moving Block Bootstrap (block size=22),***
seed6,MV_MinRisk,0.2127304,-0.937147842,1.149878242,0.0209,0.082708586,4.055486648,10000,Moving Block Bootstrap (block size=22),**
seed6,MV_Sharpe,0.2127304,-0.842638239,1.055368639,0.0339,-0.129592498,3.535051201,10000,Moving Block Bootstrap (block size=22),**
seed6,CVaR_MinRisk,0.2127304,-1.079278339,1.292008739,0.0102,0.343979948,4.115187718,10000,Moving Block Bootstrap (block size=22),**
seed6,CVaR_Sharpe,0.2127304,-0.688425223,0.901155623,0.0472,-0.330409258,3.291811276,10000,Moving Block Bootstrap (block size=22),**
seed6,EVaR_MinRisk,0.2127304,-1.036863375,1.249593775,0.0144,0.21233253,4.190115535,10000,Moving Block Bootstrap (block size=22),**
seed6,EVaR_Sharpe,0.2127304,-0.662320563,0.875050963,0.0556,-0.412778116,3.37077597,10000,Moving Block Bootstrap (block size=22),*
seed6,RP_MinRisk,0.2127304,-0.675048493,0.887778893,0.0297,-0.072660211,3.899643114,10000,Moving Block Bootstrap (block size=22),**
seed6,RP_Sharpe,0.2127304,-0.675048493,0.887778893,0.0322,-0.104532068,3.864175869,10000,Moving Block Bootstrap (block size=22),**
seed6,HRP,0.2127304,-0.800093877,1.012824277,0.0303,-0.077103471,4.081724739,10000,Moving Block Bootstrap (block size=22),**
seed6,HERC,0.2127304,-0.823824658,1.036555058,0.0263,-0.016918598,3.999321941,10000,Moving Block Bootstrap (block size=22),**
seed6,NCO_MinRisk,0.2127304,-1.055070825,1.267801225,0.0141,0.225308754,4.065552946,10000,Moving Block Bootstrap (block size=22),**
