﻿DRL_Model,Baseline_Model,DRL_Sharpe,Baseline_Sharpe,Difference,P_Value,CI_Lower,CI_Upper,Bootstrap_Samples,Method,Significance
seed1,MV_MinRisk,0.7170424444871366,-0.9371478424763793,1.6541902869635159,0.1153,-1.2987342982816137,4.0678721687074395,10000,Circular Block Bootstrap (block size=22),Not Significant
seed1,MV_Sharpe,0.7170424444871366,-0.842638239482964,1.5596806839701007,0.0893,-0.8827927518468082,3.411884012659053,10000,Circular Block Bootstrap (block size=22),*
seed1,CVaR_MinRisk,0.7170424444871366,-1.0792783389683025,1.796320783455439,0.0932,-1.0193599970733156,4.185151597000056,10000,Circular Block Bootstrap (block size=22),*
seed1,CVaR_Sharpe,0.7170424444871366,-0.6884252228808616,1.4054676673679982,0.1093,-0.9786297423816264,3.250892962606939,10000,Circular Block Bootstrap (block size=22),Not Significant
seed1,EVaR_MinRisk,0.7170424444871366,-1.036863374939767,1.7539058194269037,0.1052,-1.2306876588634983,4.223756679389878,10000,Circular Block Bootstrap (block size=22),Not Significant
seed1,EVaR_Sharpe,0.7170424444871366,-0.662320563040647,1.3793630075277836,0.1094,-0.9677214232611366,3.27305308391652,10000,Circular Block Bootstrap (block size=22),Not Significant
seed1,RP_MinRisk,0.7170424444871366,-0.6750484934593398,1.3920909379464765,0.168,-1.7630775134086187,3.84222904373205,10000,Circular Block Bootstrap (block size=22),Not Significant
seed1,RP_Sharpe,0.7170424444871366,-0.6750484934593398,1.3920909379464765,0.1666,-1.739846635440473,3.8638327030231,10000,Circular Block Bootstrap (block size=22),Not Significant
seed1,HRP,0.7170424444871366,-0.8000938771761255,1.517136321663262,0.147,-1.5828983705626225,4.092191980357713,10000,Circular Block Bootstrap (block size=22),Not Significant
seed1,HERC,0.7170424444871366,-0.8238246577779831,1.5408671022651197,0.1476,-1.556415628192514,4.047913404349346,10000,Circular Block Bootstrap (block size=22),Not Significant
seed1,NCO_MinRisk,0.7170424444871366,-1.055070825063598,1.7721132695507347,0.1037,-1.0590958386247091,4.103773492018034,10000,Circular Block Bootstrap (block size=22),Not Significant
seed2,MV_MinRisk,0.3912245870681379,-0.9371478424763793,1.3283724295445172,0.161,-1.4357768541995004,3.771642608806152,10000,Circular Block Bootstrap (block size=22),Not Significant
seed2,MV_Sharpe,0.3912245870681379,-0.842638239482964,1.233862826551102,0.1475,-1.1901258016331224,3.1406125664806406,10000,Circular Block Bootstrap (block size=22),Not Significant
seed2,CVaR_MinRisk,0.3912245870681379,-1.0792783389683025,1.4705029260364404,0.1362,-1.3071022799671905,3.8093777268768307,10000,Circular Block Bootstrap (block size=22),Not Significant
seed2,CVaR_Sharpe,0.3912245870681379,-0.6884252228808616,1.0796498099489995,0.1689,-1.3136014577181867,2.9975536239122804,10000,Circular Block Bootstrap (block size=22),Not Significant
seed2,EVaR_MinRisk,0.3912245870681379,-1.036863374939767,1.428087962007905,0.1461,-1.4855959896172997,3.866789970408336,10000,Circular Block Bootstrap (block size=22),Not Significant
seed2,EVaR_Sharpe,0.3912245870681379,-0.662320563040647,1.053545150108785,0.1849,-1.3597173151515016,3.0032434921238993,10000,Circular Block Bootstrap (block size=22),Not Significant
seed2,RP_MinRisk,0.3912245870681379,-0.6750484934593398,1.0662730805274778,0.2171,-1.9292485118539342,3.5545658206183215,10000,Circular Block Bootstrap (block size=22),Not Significant
seed2,RP_Sharpe,0.3912245870681379,-0.6750484934593398,1.0662730805274778,0.2116,-1.9600933277766914,3.5773230646693146,10000,Circular Block Bootstrap (block size=22),Not Significant
seed2,HRP,0.3912245870681379,-0.8000938771761255,1.1913184642442634,0.2011,-1.8981205133621208,3.7071754936698658,10000,Circular Block Bootstrap (block size=22),Not Significant
seed2,HERC,0.3912245870681379,-0.8238246577779831,1.215049244846121,0.1946,-1.8944085482346755,3.6702523542975274,10000,Circular Block Bootstrap (block size=22),Not Significant
seed2,NCO_MinRisk,0.3912245870681379,-1.055070825063598,1.446295412131736,0.1363,-1.3471406069779046,3.796588759025597,10000,Circular Block Bootstrap (block size=22),Not Significant
seed3,MV_MinRisk,0.3075809900558117,-0.9371478424763793,1.244728832532191,0.1717,-1.6504636893755198,3.648742049629433,10000,Circular Block Bootstrap (block size=22),Not Significant
seed3,MV_Sharpe,0.3075809900558117,-0.842638239482964,1.1502192295387756,0.1808,-1.4735391963614253,3.3199930417358927,10000,Circular Block Bootstrap (block size=22),Not Significant
seed3,CVaR_MinRisk,0.3075809900558117,-1.0792783389683025,1.3868593290241142,0.155,-1.4202821412221045,3.732346545242243,10000,Circular Block Bootstrap (block size=22),Not Significant
seed3,CVaR_Sharpe,0.3075809900558117,-0.6884252228808616,0.9960062129366734,0.215,-1.6272664304120312,3.102164717006005,10000,Circular Block Bootstrap (block size=22),Not Significant
seed3,EVaR_MinRisk,0.3075809900558117,-1.036863374939767,1.3444443649955788,0.1702,-1.6036238337016595,3.7435861522344505,10000,Circular Block Bootstrap (block size=22),Not Significant
seed3,EVaR_Sharpe,0.3075809900558117,-0.662320563040647,0.9699015530964588,0.2292,-1.7367460648712643,3.1837793027229755,10000,Circular Block Bootstrap (block size=22),Not Significant
seed3,RP_MinRisk,0.3075809900558117,-0.6750484934593398,0.9826294835151514,0.2409,-2.128259435207129,3.519076088798935,10000,Circular Block Bootstrap (block size=22),Not Significant
seed3,RP_Sharpe,0.3075809900558117,-0.6750484934593398,0.9826294835151514,0.2466,-2.1547420279831826,3.510358414658012,10000,Circular Block Bootstrap (block size=22),Not Significant
seed3,HRP,0.3075809900558117,-0.8000938771761255,1.1076748672319372,0.2221,-2.089097529163118,3.6600414671572286,10000,Circular Block Bootstrap (block size=22),Not Significant
seed3,HERC,0.3075809900558117,-0.8238246577779831,1.1314056478337948,0.2108,-2.026482326447374,3.653598424811218,10000,Circular Block Bootstrap (block size=22),Not Significant
seed3,NCO_MinRisk,0.3075809900558117,-1.055070825063598,1.3626518151194098,0.1515,-1.3837711052616317,3.682440122798986,10000,Circular Block Bootstrap (block size=22),Not Significant
seed4,MV_MinRisk,0.1165689280612751,-0.9371478424763793,1.0537167705376544,0.2316,-2.071249615218848,3.6385116963414244,10000,Circular Block Bootstrap (block size=22),Not Significant
seed4,MV_Sharpe,0.1165689280612751,-0.842638239482964,0.9592071675442391,0.2266,-1.8146292105993331,3.1494688071515085,10000,Circular Block Bootstrap (block size=22),Not Significant
seed4,CVaR_MinRisk,0.1165689280612751,-1.0792783389683025,1.1958472670295777,0.1966,-1.9107313045805634,3.783270076712334,10000,Circular Block Bootstrap (block size=22),Not Significant
seed4,CVaR_Sharpe,0.1165689280612751,-0.6884252228808616,0.8049941509421367,0.2707,-2.0080271343207325,2.9620777569219183,10000,Circular Block Bootstrap (block size=22),Not Significant
seed4,EVaR_MinRisk,0.1165689280612751,-1.036863374939767,1.1534323030010423,0.2168,-2.1324511225212652,3.8171016387089254,10000,Circular Block Bootstrap (block size=22),Not Significant
seed4,EVaR_Sharpe,0.1165689280612751,-0.662320563040647,0.7788894911019221,0.2708,-2.010072567808604,2.970836358809026,10000,Circular Block Bootstrap (block size=22),Not Significant
seed4,RP_MinRisk,0.1165689280612751,-0.6750484934593398,0.7916174215206149,0.2871,-2.729759511918278,3.461088642578118,10000,Circular Block Bootstrap (block size=22),Not Significant
seed4,RP_Sharpe,0.1165689280612751,-0.6750484934593398,0.7916174215206149,0.2824,-2.748893070959684,3.4864054807222398,10000,Circular Block Bootstrap (block size=22),Not Significant
seed4,HRP,0.1165689280612751,-0.8000938771761255,0.9166628052374005,0.2692,-2.5863916924476067,3.660703131478935,10000,Circular Block Bootstrap (block size=22),Not Significant
seed4,HERC,0.1165689280612751,-0.8238246577779831,0.9403935858392581,0.2685,-2.6086277775704887,3.653562859046193,10000,Circular Block Bootstrap (block size=22),Not Significant
seed4,NCO_MinRisk,0.1165689280612751,-1.055070825063598,1.1716397531248732,0.2051,-2.0880528178317346,3.648452047292274,10000,Circular Block Bootstrap (block size=22),Not Significant
seed5,MV_MinRisk,0.4676404848268704,-0.9371478424763793,1.4047883273032498,0.1353,-1.3641655564544068,3.679817721624509,10000,Circular Block Bootstrap (block size=22),Not Significant
seed5,MV_Sharpe,0.4676404848268704,-0.842638239482964,1.3102787243098344,0.1663,-1.4428150530243136,3.6949640068755913,10000,Circular Block Bootstrap (block size=22),Not Significant
seed5,CVaR_MinRisk,0.4676404848268704,-1.0792783389683025,1.5469188237951728,0.119,-1.1897240660545791,3.778303799943255,10000,Circular Block Bootstrap (block size=22),Not Significant
seed5,CVaR_Sharpe,0.4676404848268704,-0.6884252228808616,1.1560657077077319,0.196,-1.584598434400502,3.5700766888187654,10000,Circular Block Bootstrap (block size=22),Not Significant
seed5,EVaR_MinRisk,0.4676404848268704,-1.036863374939767,1.5045038597666376,0.1286,-1.310618600884233,3.812761633640729,10000,Circular Block Bootstrap (block size=22),Not Significant
seed5,EVaR_Sharpe,0.4676404848268704,-0.662320563040647,1.1299610478675173,0.1979,-1.5852708024613762,3.5448472593609033,10000,Circular Block Bootstrap (block size=22),Not Significant
seed5,RP_MinRisk,0.4676404848268704,-0.6750484934593398,1.1426889782862102,0.2051,-1.9445011620412092,3.552976294088303,10000,Circular Block Bootstrap (block size=22),Not Significant
seed5,RP_Sharpe,0.4676404848268704,-0.6750484934593398,1.1426889782862102,0.2015,-1.9549157015518974,3.5582306641389394,10000,Circular Block Bootstrap (block size=22),Not Significant
seed5,HRP,0.4676404848268704,-0.8000938771761255,1.267734362002996,0.1795,-1.8020348792205088,3.7394363162919917,10000,Circular Block Bootstrap (block size=22),Not Significant
seed5,HERC,0.4676404848268704,-0.8238246577779831,1.2914651426048533,0.1756,-1.8384947568273629,3.7025290842050707,10000,Circular Block Bootstrap (block size=22),Not Significant
seed5,NCO_MinRisk,0.4676404848268704,-1.055070825063598,1.5227113098904685,0.1173,-1.236326721719912,3.7569685342728256,10000,Circular Block Bootstrap (block size=22),Not Significant
seed6,MV_MinRisk,0.21273039983155567,-0.9371478424763793,1.149878242307935,0.2072,-1.865946846697021,3.6586209407969377,10000,Circular Block Bootstrap (block size=22),Not Significant
seed6,MV_Sharpe,0.21273039983155567,-0.842638239482964,1.0553686393145196,0.2028,-1.5935600872221876,3.1712282985236917,10000,Circular Block Bootstrap (block size=22),Not Significant
seed6,CVaR_MinRisk,0.21273039983155567,-1.0792783389683025,1.2920087387998582,0.1693,-1.6479019376419906,3.763734583850767,10000,Circular Block Bootstrap (block size=22),Not Significant
seed6,CVaR_Sharpe,0.21273039983155567,-0.6884252228808616,0.9011556227124173,0.2364,-1.768707691004119,2.9906429442355864,10000,Circular Block Bootstrap (block size=22),Not Significant
seed6,EVaR_MinRisk,0.21273039983155567,-1.036863374939767,1.2495937747713228,0.1896,-1.9291764412979024,3.7975937177629557,10000,Circular Block Bootstrap (block size=22),Not Significant
seed6,EVaR_Sharpe,0.21273039983155567,-0.662320563040647,0.8750509628722027,0.2404,-1.8186518442343877,3.051899035659294,10000,Circular Block Bootstrap (block size=22),Not Significant
seed6,RP_MinRisk,0.21273039983155567,-0.6750484934593398,0.8877788932908954,0.2574,-2.3883472234475813,3.509143503176604,10000,Circular Block Bootstrap (block size=22),Not Significant
seed6,RP_Sharpe,0.21273039983155567,-0.6750484934593398,0.8877788932908954,0.2597,-2.4775313148870493,3.4407961299055216,10000,Circular Block Bootstrap (block size=22),Not Significant
seed6,HRP,0.21273039983155567,-0.8000938771761255,1.0128242770076812,0.2372,-2.3185857908104928,3.617558526191508,10000,Circular Block Bootstrap (block size=22),Not Significant
seed6,HERC,0.21273039983155567,-0.8238246577779831,1.0365550576095388,0.242,-2.2549438855249804,3.618774149650223,10000,Circular Block Bootstrap (block size=22),Not Significant
seed6,NCO_MinRisk,0.21273039983155567,-1.055070825063598,1.2678012248951538,0.1704,-1.6567607830137463,3.6756309060272474,10000,Circular Block Bootstrap (block size=22),Not Significant
